<?xml version="1.0" encoding="UTF-8"?>
<addon
  id="resource.language.ar_sa"
  version="10.0.12"
  name="Arabic"
  provider-name="psp2111">
  <requires>
    <import addon="kodi.resource" version="1.0.0"/>
  </requires>
  <extension
    point="kodi.resource.language"
    locale="ar_SA">
    <charsets>
      <gui unicodefont="true">CP1256</gui>
      <subtitle>CP1256</subtitle>
    </charsets>
  </extension>
  <extension point="kodi.addon.metadata">
    <summary lang="en">Arabic language pack for Kodi interface and settings. translated by psp2111. for more info visit ADSLGATE forum.</summary>
    <description lang="en">Arabic version of all texts used in Kodi.</description>
    <platform>all</platform>
    <assets>
      <icon>icon.png</icon>
    </assets>
  </extension>
</addon>
