<?xml version="1.0" encoding="UTF-8"?>
<window type="dialog" id="1144">
    <defaultcontrol always="true">9000</defaultcontrol>
    <onload>CancelAlarm(osd_timeout,true)</onload>
    <controls>

        <!-- Audio Tracks -->
        <include content="OSD_Stream_Selector">
            <param name="id" value="9000" />
            <param name="buttonid" value="Close" />
            <param name="stream_type" value="subtitle" />
            <param name="header" value="$LOCALIZE[287]" />
            <param name="nibpos" value="160" />
            <param name="width" value="640" />
            <param name="method" value="set_player_subtitle" />
            <param name="enabled" value="VideoPlayer.SubtitlesEnabled" />
            <param name="toggle" value="true" />
            <include>OSD_Stream_Selector_Loading</include>
            <visible>Window.IsVisible(videoosd)</visible>
        </include>
    </controls>
</window>
