<?xml version="1.0" encoding="UTF-8"?>
<window>
    <defaultcontrol always="true">61</defaultcontrol>
    <controls>


        <include>Object_Overlay</include>
        <include content="Dialog_Background">
            <include>Animation_SlideIn_Dialog</include>
            <width>1280</width>
            <include>Dimension_Context</include>
            <include content="Dialog_Header">
                <param name="id" value="1" />
                <label>$LOCALIZE[19033]</label>
            </include>

            <include content="Dialog_Group">
                <control type="textbox" id="5">
                    <font>font_midi_plot</font>
                    <pagecontrol>61</pagecontrol>
                </control>
            </include>
            <include content="Dialog_Scrollbar">
                <right>0</right>
            </include>

        </include>
    </controls>
</window>
