<?xml version="1.0" encoding="UTF-8"?>
<window>
    <defaultcontrol always="true">20</defaultcontrol>
    <include>Action_Blur_Onload</include>
    <controls>
        <include>Background_Main</include>
        <include content="Dialog_Background">
            <include>Dimension_Info</include>
            <include content="Animation_WindowTransition_Settings">
                <param name="windowopen" value="!Window.Previous(FileManager.xml)" />
                <param name="windowclose" value="!Window.Next(FileManager.xml)" />
            </include>
            <control type="group">
                <width>50%</width>
                <control type="label" id="101">
                    <haspath>true</haspath>
                    <top>0</top>
                    <height>100</height>
                    <right>120</right>
                    <textoffsetx>40</textoffsetx>
                    <font>font_hint_black</font>
                </control>
                <control type="label" id="12">
                    <top>0</top>
                    <height>100</height>
                    <textoffsetx>40</textoffsetx>
                    <font>font_hint_black</font>
                    <align>right</align>
                </control>
                <include content="Object_Separator">
                    <param name="horizontal" value="true" />
                    <top>100</top>
                    <left>40</left>
                    <right>40</right>
                </include>

                <include content="List_AddonCategories">
                    <param name="id" value="20" />
                    <param name="detailed" value="true" />
                    <param name="width" value="" />
                    <top>120</top>
                    <bottom>40</bottom>
                    <onright>21</onright>
                    <onleft>60</onleft>
                    <pagecontrol>60</pagecontrol>
                </include>
                <include content="Dialog_Scrollbar">
                    <param name="id" value="60" />
                    <left>0</left>
                    <onright>20</onright>
                </include>
            </control>
            <control type="group">
                <width>50%</width>
                <right>0</right>
                <include>Dialog_Overlay</include>
                <include>Object_Separator</include>
                <control type="label" id="102">
                    <haspath>true</haspath>
                    <top>0</top>
                    <height>100</height>
                    <textoffsetx>40</textoffsetx>
                    <right>120</right>
                    <font>font_hint_black</font>
                </control>
                <control type="label" id="13">
                    <top>0</top>
                    <height>100</height>
                    <textoffsetx>40</textoffsetx>
                    <font>font_hint_black</font>
                    <align>right</align>
                </control>
                <include content="Object_Separator">
                    <param name="horizontal" value="true" />
                    <top>100</top>
                    <left>40</left>
                    <right>40</right>
                </include>
                <include content="List_AddonCategories">
                    <param name="id" value="21" />
                    <param name="detailed" value="true" />
                    <param name="width" value="" />
                    <top>120</top>
                    <bottom>40</bottom>
                    <onleft>20</onleft>
                    <pagecontrol>61</pagecontrol>
                    <onright>61</onright>
                </include>

                <include content="Dialog_Scrollbar">
                    <param name="id" value="61" />
                    <right>0</right>
                    <onleft>21</onleft>
                </include>
            </control>
        </include>
        <include content="View_Furniture_Top">
            <param name="powermenu_button">true</param>
        </include>

    </controls>

</window>
