<?xml version="1.0" encoding="UTF-8"?>
<window>
    <defaultcontrol always="true">2</defaultcontrol>
    <onload>CancelAlarm(osd_timeout,true)</onload>
    <include>Animation_WindowTransition_FadeInOut</include>
    <controls>
        <include content="OSD_CastInfo_ExpandGroup">
            <control type="group">
                <width>427</width>
                <height>240</height>
                <visible>Integer.IsEqual(Container(11).NumItems,0)</visible>
                <include>Object_ItemBack</include>
                <control type="image">
                    <width>128</width>
                    <height>128</height>
                    <centerleft>50%</centerleft>
                    <centertop>50%</centertop>
                    <texture colordiffuse="panel_fg_70">special://skin/extras/icons/image.png</texture>
                </control>
            </control>

            <!-- Episodes List -->
            <include content="List_Core">
                <param name="orientation" value="horizontal" />
                <param name="controltype" value="fixedlist" />
                <param name="id" value="11" />
                <param name="item_w" value="view_osd_landscape_item_w" />
                <param name="item_h" value="view_osd_landscape_item_h" />
                <param name="itemlayout_w" value="view_osd_landscape_itemlayout_w" />
                <param name="itemlayout_h" value="view_osd_landscape_itemlayout_h" />
                <param name="itemlayout_include" value="OSD_Episodes_Layout" />
                <param name="offset_y" value="40" />
                <param name="offset_x">40</param>
                <focusposition>0</focusposition>
                <movement>0</movement>
                <height>360</height>
                <top>-40</top>
                <onup>6400</onup>
                <left>-40</left>
                <width>view_osd_landscape_list_w</width>
                <onup>Close</onup>
                <ondown>2</ondown>
            </include>

            <include content="OSD_Episodes_Arrows">
                <param name="id">11</param>
                <width>view_osd_landscape_arrows_w</width>
                <height>view_osd_landscape_item_h</height>
            </include>

            <include content="OSD_Episodes_Info_Group">
                <param name="label">$LOCALIZE[298][COLOR=$VAR[ColorHighlight]]  •  [/COLOR]$INFO[Container(11).CurrentItem,, $LOCALIZE[1443] ]$INFO[Container(11).NumItems,, ]</param>
                <onup>11</onup>

                <include content="OSD_Button">
                    <param name="icon" value="special://skin/extras/icons/plus.png" />
                    <param name="visible" value="Control.IsEnabled(2)" />
                    <param name="id" value="2" />
                    <param name="groupid" value="9002" />
                </include>
                <include content="OSD_Button">
                    <param name="icon" value="special://skin/extras/icons/trash-can.png" />
                    <param name="visible" value="Control.IsEnabled(3) + !Integer.IsEqual(Container(11).NumItems,0)" />
                    <param name="id" value="3" />
                    <param name="groupid" value="9003" />
                </include>
                <include content="OSD_Button">
                    <param name="icon" value="special://skin/extras/icons/image.png" />
                    <param name="visible" value="Control.IsEnabled(4)" />
                    <param name="id" value="4" />
                    <param name="groupid" value="9004" />
                </include>

                <include content="OSD_Episodes_Info_Basic">
                    <param name="icon">$VAR[Image_OSD_Bookmarks_Circle]</param>
                    <param name="label">[COLOR=panel_fg_100][B]$INFO[VideoPlayer.Season,S,]$INFO[VideoPlayer.Episode,E, ]$INFO[VideoPlayer.Title,, ~ ][/B][/COLOR]$INFO[VideoPlayer.Plot]</param>
                </include>
            </include>

        </include>
    </controls>
</window>
