<?xml version="1.0" encoding="UTF-8" standalone="yes"?>
<addon id="resource.images.studios.coloured" name="Studio Icons - Coloured" version="0.0.24" provider-name="Team Kodi - lynxstrike">
	<extension point="kodi.resource.images" compile="true" type="studios" />
	<requires>
		<import addon="kodi.resource" version="1.0.0"/>
	</requires>
	<extension point="xbmc.addon.metadata">
		<summary lang="en">Coloured Studio Icons</summary>
		<description lang="en">Coloured Studio Icons</description>
		<platform>all</platform>
	</extension>
</addon>
