<?xml version="1.0" encoding="UTF-8"?>
<includes>
    <include name="_ignore">
        <include>_ignore</include>
        <include>Items_Null</include>
        <include>Items_AddonBrowser_Settings</include>
        <include>Items_Weather_Settings</include>
        <include>Items_MyVideoNav</include>
        <include>Items_DialogVideoInfo_Options</include>
        <include>Items_DialogAddonInfo_Options</include>
        <include>List_MediaList</include>
        <include>List_EpisodeList</include>
        <include>List_Landscape_Wall</include>
        <include>List_Square_Row</include>
        <include>List_Square_Wall</include>
        <include>Layout_DialogBasic</include>
        <include>Layout_Submenu</include>
        <include>Layout_MediaList</include>
        <include>Layout_DialogSelect</include>
        <include>Layout_AddonBrowser</include>
        <include>Layout_Iconic</include>
        <include>Layout_Episode</include>
        <include>Layout_Button</include>
        <include>Layout_IconButton</include>
        <include>Layout_Square</include>
        <include>Layout_Landscape</include>
    </include>
</includes>
