<?xml version="1.0" encoding="UTF-8" standalone="yes" ?>
<fonts>
    <font>
        <filename>2orbitron-bold.ttf</filename>
        <familyname>iPhone.Bold-BoHasssoN</familyname>
    </font>
    <font>
        <filename>Adobe Arabic Regular.ttf</filename>
        <familyname>Adobe Arabic</familyname>
    </font>
    <font>
        <filename>Aljazeera.ttf</filename>
        <familyname>Aljazeera</familyname>
    </font>
    <font>
        <filename>Amazon Arabic Ember Bold.ttf</filename>
        <familyname>Amazon Arabic Ember Bold</familyname>
    </font>
    <font>
        <filename>Amazon Arabic Ember Regular.ttf</filename>
        <familyname>Amazon Arabic Ember</familyname>
    </font>
    <font>
        <filename>Bahij_Droid_Naskh-Regular.ttf</filename>
        <familyname>Bahij Droid Naskh</familyname>
    </font>
    <font>
        <filename>Droid Naskh Shift Alt.ttf</filename>
        <familyname>Droid Naskh Shift Alt</familyname>
    </font>
    <font>
        <filename>Droid.Arabic.Naskh_.Regular_DownloadSoftware.iR_.ttf</filename>
        <familyname>Droid Arabic Naskh</familyname>
    </font>
    <font>
        <filename>DroidNaskh-Regular.ttf</filename>
        <familyname>Droid Arabic Naskh</familyname>
    </font>
    <font>
        <filename>DroidSansFallback.ttf</filename>
        <familyname>Droid Sans Fallback</familyname>
    </font>
    <font>
        <filename>Greta Arabic.ttf</filename>
        <familyname>Greta Arabic</familyname>
    </font>
    <font>
        <filename>Lollipop font by insan waq3y.ttf</filename>
        <familyname>Noto Naskh Arabic UI</familyname>
    </font>
    <font>
        <filename>Osama Font Regular.ttf</filename>
        <familyname>Osama Font</familyname>
    </font>
    <font>
        <filename>Samim Bold.ttf</filename>
        <familyname>Samim</familyname>
    </font>
    <font>
        <filename>Samim-Medium.ttf</filename>
        <familyname>Samim</familyname>
    </font>
    <font>
        <filename>Samim.ttf</filename>
        <familyname>Samim</familyname>
    </font>
    <font>
        <filename>SFArabicRounded-Regular.ttf</filename>
        <familyname>SF Arabic Rounded</familyname>
    </font>
    <font>
        <filename>XB-Zar.ttf</filename>
        <familyname>XB Zar</familyname>
    </font>
</fonts>
