<?xml version="1.0" encoding="UTF-8"?>
<window type="dialog" id="1106">
	<defaultcontrol always="true">9000</defaultcontrol>
	<include>Animation_DialogPopupOpenClose</include>
	<controls>
		<control type="group">
			<centerleft>50%</centerleft>
			<width>600</width>
			<centertop>60%</centertop>
			<height>700</height>
			<include content="DialogBackgroundCommons">
				<param name="width" value="600" />
				<param name="height" value="80" />
				<param name="header_label" value="الصيانة و الحسابات" />
				<param name="header_id" value="" />
			</include>
			<control type="panel" id="9000">
				<include>ButtonMenuList</include>
				<content>
					<item>
						<label>الصيانة</label>
						<onclick>Dialog.Close(all)</onclick>
						<onclick>ActivateWindow(1130)</onclick>
					</item>
					<item>
						<label>مدير الحسابات</label>
						<onclick>Dialog.Close(all)</onclick>
						<onclick>ActivateWindow(Videos,plugin://plugin.video.fen/?iconImage=https%3a%2f%2fi.imgur.com%2f4xBbqSw.png&mode=navigator.accounts_manager)</onclick>
					</item>
				</content>
			</control>
		</control>
	</controls>
</window>
