<?xml version="1.0" encoding="UTF-8"?>
<window type="dialog">
    <include content="Object_DefaultControl" condition="!Skin.HasSetting(DialogInfo.FocusButtons)">
        <param name="always">true</param>
        <param name="defaultcontrol">5000</param>
    </include>
    <include content="Object_DefaultControl" condition="Skin.HasSetting(DialogInfo.FocusButtons)">
        <param name="always">true</param>
        <param name="defaultcontrol">4000</param>
    </include>
    <menucontrol>4000</menucontrol>
    <controls>
        <include>Info_Title_Label_Hidden</include>

        <include content="DialogInfo_MainGroup">
            <include content="DialogInfo_ButtonGroup">
                <param name="include">Items_DialogAddonInfo_MenuBar</param>
            </include>
            <include>DialogInfo_ButtonHidden</include>
            <include content="DialogInfo_SlideGroup">
                <include content="DialogInfo_LeftGroup">
                    <param name="height">infodialog_poster_w</param>
                    <param name="diffuse">diffuse/square_w460_h460.png</param>
                    <include content="DialogInfo_PullTab">
                        <centertop>280</centertop>
                    </include>
                </include>
                <include content="DialogInfo_RightGroup">
                    <!-- Info -->
                    <control type="group">
                        <visible>!Control.HasFocus(7001) | !Player.HasVideo</visible>
                        <visible>!Control.HasFocus(7003)</visible>

                        <animation effect="fade" start="0" end="100" time="400" delay="400" reversible="false">Visible</animation>
                        <animation effect="fade" start="100" end="0" time="200" reversible="false">Hidden</animation>


                        <control type="group">
                            <visible>!Control.HasFocus(61)</visible>

                            <!-- Addon Info -->
                            <include content="Info_Panel">
                                <param name="plotheight" value="info_plot_large_h" />
                            </include>

                            <!-- Addon Details -->
                            <control type="group">
                                <top>370</top>
                                <left>-40</left>
                                <control type="grouplist">
                                    <height>grid_x28</height>
                                    <orientation>horizontal</orientation>
                                    <itemgap>grid_x03</itemgap>
                                    <include content="Object_InfoCircle">
                                        <param name="icon" value="special://skin/extras/icons/recent.png" />
                                        <param name="role" value="$LOCALIZE[12014]" />
                                        <param name="name" value="$VAR[Label_AddonInfo_LastUpdated]" />
                                        <visible>!String.IsEmpty(ListItem.AddonInstallDate)</visible>
                                        <visible>String.IsEqual(Control.GetLabel(6),$LOCALIZE[24037])</visible>
                                        <visible>!String.StartsWith(Container.FolderPath,addons://repository)</visible>
                                        <top>40</top>
                                        <width>370</width>
                                    </include>
                                    <include content="Object_InfoCircle">
                                        <param name="icon" value="special://skin/extras/icons/userrating.png" />
                                        <param name="role" value="$LOCALIZE[12012]" />
                                        <param name="name" value="$INFO[ListItem.AddonLastUsed]" />
                                        <visible>!String.IsEmpty(ListItem.AddonLastUsed)</visible>
                                        <top>40</top>
                                        <width>370</width>
                                    </include>
                                    <include content="Object_InfoCircle">
                                        <param name="icon" value="special://skin/extras/icons/files.png" />
                                        <param name="role" value="$LOCALIZE[289]" />
                                        <param name="name" value="$INFO[ListItem.AddonSize]" />
                                        <visible>!String.IsEmpty(ListItem.AddonSize)</visible>
                                        <top>40</top>
                                        <width>370</width>
                                    </include>
                                </control>
                            </control>
                        </control>
                    </control>

                    <!-- Trailer and Plot -->
                    <include>DialogInfo_VideoTrailer</include>
                    <include content="DialogInfo_PlotBox">
                        <param name="label">$VAR[Label_Plot]</param>
                    </include>
                    <include>DialogInfo_ArtworkGallery</include>

                </include>
            </include>
        </include>

        <include content="DialogInfo_Furniture">
            <param name="downarrow_visible">true</param>
        </include>

        <include content="Object_Options_Menu">
            <param name="grouplist_items" value="Items_DialogAddonInfo_Options" />
            <param name="visible" value="!$EXP[Exp_OverlayDialogs]" />
            <param name="onback" value="5000" />
            <param name="usemousefocus">true</param>
        </include>

        <include>DialogInfo_VideoTrailerFullscreen</include>

        <include content="Object_Hidden_Button">
            <param name="id">7002</param>
            <onfocus>SetFocus(50)</onfocus>
        </include>

        <include>DialogInfo_FilePathInfo</include>

        <include content="Object_Hidden_Button">
            <param name="id" value="6" />
            <onfocus>SetFocus(5002)</onfocus>
        </include>
        <include content="Object_Hidden_Button">
            <param name="id" value="7" />
            <onfocus>SetFocus(5003)</onfocus>
        </include>
        <include content="Object_Hidden_Button">
            <param name="id" value="9" />
            <onfocus>SetFocus(5000)</onfocus>
        </include>
        <include content="Object_Hidden_Button">
            <param name="id" value="12" />
            <onfocus>SetFocus(5000)</onfocus>
        </include>

        <include content="Object_Overlay">
            <param name="delay" value="300" />
            <visible>Control.HasFocus(50)</visible>
            <include>Animation_FadeIn</include>
        </include>

        <include content="Dialog_Info_Screenshots">
            <param name="id" value="50" />
            <param name="onback" value="5000" />
            <param name="header_id" value="6000" />
        </include>

    </controls>
</window>