<?xml version="1.0" encoding="UTF-8"?>
<sounds>
    <actions>
        <action>
          <name>left</name>
          <file>switch_fromashes.wav</file>
        </action>
        <action>
          <name>right</name>
          <file>switch_fromashes.wav</file>
        </action>
        <action>
          <name>up</name>
          <file>switch_fromashes.wav</file>
        </action>
        <action>
          <name>down</name>
          <file>switch_fromashes.wav</file>
        </action>
        <action>
          <name>select</name>
          <file>select.wav</file>
        </action>
        <action>
          <name>close</name>
          <file>backselect.wav</file>
        </action>
        <action>
          <name>parentdir</name>
          <file>gobackselect.wav</file>
        </action>
        <action>
          <name>previousmenu</name>
          <file>backselect.wav</file>
        </action>
		<action>
          <name>screenshot</name>
          <file>switch_legacy.wav</file>
        </action>
    </actions>

    <windows>
        <window>
          <name>playercontrols</name>
          <activate>select.wav</activate>
          <deactivate>backselect.wav</deactivate>
        </window>
        <window>
          <name>startup</name>
          <activate>startup.wav</activate>
          <deactivate>-</deactivate>
        </window>
        <window>
          <name>infodialog</name>
          <activate>select.wav</activate>
          <deactivate>backselect.wav</deactivate>
        </window>
    </windows>
</sounds>
