<?xml version="1.0" encoding="UTF-8"?>
<addon id="script.texturemakerAH2"
version="0.2.8"
name="Texture Maker"
provider-name="jurialmunkey">
<requires>
  <import addon="xbmc.python" version="3.0.0"/>
  <import addon="script.module.pil" version="1.1.7"/>
</requires>
<extension point="xbmc.python.script" library="script.py" />
<extension point="xbmc.python.pluginsource" library="plugin.py">
  <provides>image</provides>
</extension>
<extension point="xbmc.addon.metadata">
  <summary lang="en_GB">Texture Maker helps skinners build gradient based textures</summary>
  <description lang="en_GB">Texture Maker helps skinners build gradient based textures</description>
  <disclaimer lang="en_GB">For skinners</disclaimer>
  <license>GPL-3.0-or-later</license>
  <assets>
    <icon>icon.png</icon>
    <fanart>fanart.jpg</fanart>
  </assets>
</extension>
</addon>
