<?xml version='1.0' encoding='UTF-8'?>
<shortcuts>
    <shortcut>
        <label>$LOCALIZE[342]</label>
        <label2>$LOCALIZE[571]</label2>
        <icon>special://skin/extras/icons/film.png</icon>
        <action>DefaultSearch-Movies</action>
    </shortcut>
    <shortcut>
        <label>$LOCALIZE[20343]</label>
        <label2>$LOCALIZE[571]</label2>
        <icon>special://skin/extras/icons/tv.png</icon>
        <action>DefaultSearch-TvShows</action>
    </shortcut>
    <shortcut>
        <label>$LOCALIZE[20360]</label>
        <label2>$LOCALIZE[571]</label2>
        <icon>special://skin/extras/icons/tv.png</icon>
        <action>DefaultSearch-Episodes</action>
    </shortcut>
    <shortcut>
        <label>$LOCALIZE[132]</label>
        <label2>$LOCALIZE[571]</label2>
        <icon>special://skin/extras/icons/songs.png</icon>
        <action>DefaultSearch-Albums</action>
    </shortcut>
    <shortcut>
        <label>$LOCALIZE[133]</label>
        <label2>$LOCALIZE[571]</label2>
        <icon>special://skin/extras/icons/songs.png</icon>
        <action>DefaultSearch-Artists</action>
    </shortcut>
    <shortcut>
        <label>$LOCALIZE[134]</label>
        <label2>$LOCALIZE[571]</label2>
        <icon>special://skin/extras/icons/songs.png</icon>
        <action>DefaultSearch-Songs</action>
    </shortcut>
    <shortcut>
        <label>$LOCALIZE[20389]</label>
        <label2>$LOCALIZE[571]</label2>
        <icon>special://skin/extras/icons/musicvideo.png</icon>
        <action>DefaultSearch-MusicVideos</action>
    </shortcut>
    <shortcut>
        <label>$LOCALIZE[20389]</label>
        <label2>$LOCALIZE[571]</label2>
        <icon>special://skin/extras/icons/musicvideo.png</icon>
        <action>DefaultSearch-MusicVideoArtists</action>
    </shortcut>
    <shortcut>
        <label>$LOCALIZE[31168]</label>
        <label2>$LOCALIZE[571]</label2>
        <icon>special://skin/extras/icons/film.png</icon>
        <action>DefaultSearch-TMDBMovies</action>
    </shortcut>
    <shortcut>
        <label>$LOCALIZE[31169]</label>
        <label2>$LOCALIZE[571]</label2>
        <icon>special://skin/extras/icons/tv.png</icon>
        <action>DefaultSearch-TMDBShows</action>
    </shortcut>
    <shortcut>
        <label>$LOCALIZE[31170]</label>
        <label2>$LOCALIZE[571]</label2>
        <icon>special://skin/extras/icons/sets.png</icon>
        <action>DefaultSearch-TMDBSets</action>
    </shortcut>
    <shortcut>
        <label>$LOCALIZE[31171]</label>
        <label2>$LOCALIZE[571]</label2>
        <icon>special://skin/extras/icons/person.png</icon>
        <action>DefaultSearch-TMDBPeople</action>
    </shortcut>
</shortcuts>
