<?xml version="1.0" encoding="UTF-8"?>
<window>
    <controls>
        <include condition="!$EXP[Exp_SettingsDialogs]">Object_Overlay</include>
        <include content="Dialog_Background">
            <include content="Animation_SlideIn_Dialog">
                <param name="windowopen_condition">!$EXP[Exp_SettingsDialogs_Prev]</param>
            </include>
            <include content="Animation_WindowTransition_Settings">
                <param name="windowopen">false</param>
                <param name="windowclose">false</param>
                <param name="windowopen_right">$EXP[Exp_SettingsDialogs]</param>
                <param name="windowclose_right">$EXP[Exp_SettingsDialogs]</param>
                <param name="windowopen_delay">400</param>
            </include>
            <include>Dimension_Info</include>
            <include>Dialog_Overlay_Buttons</include>
            <control type="group">
                <right>0</right>
                <left>settings_category_w</left>
                <include>Dialog_Overlay</include>
                <include>Object_Separator</include>
            </control>
            <include content="Dialog_Group">
                <control type="group">
                    <right>0</right>
                    <width>dialog_button_w</width>

                    <control type="grouplist" id="9000">
                        <onleft>61</onleft>
                        <itemgap>20</itemgap>
                        <control type="button" id="28" description="OK">
                            <height>grid_x08</height>
                        </control>
                        <control type="button" id="29" description="Cancel">
                            <height>grid_x08</height>
                        </control>
                        <control type="button" id="30" description="Clear">
                            <height>grid_x08</height>
                        </control>
                    </control>

                    <control type="image">
                        <height>dialog_button_w</height>
                        <bottom>0</bottom>
                        <texture background="true">$INFO[ListITem.Icon]</texture>
                        <aspectratio>keep</aspectratio>
                        <visible>!String.IsEmpty(ListItem.AddonName)</visible>
                    </control>
                </control>

                <control type="group">
                    <right>dialog_button_w</right>
                    <control type="group">
                        <left>-grid_x04</left>
                        <right>grid_x04</right>
                        <control type="grouplist" id="3">
                            <onright>5</onright>
                            <ondown>20</ondown>
                            <width>settings_category_w</width>
                            <bottom>grid_x08</bottom>
                        </control>

                        <include>Dialog_Settings_Level</include>

                        <control type="group">
                            <left>settings_category_w</left>
                            <control type="grouplist" id="5">
                                <onleft>3</onleft>
                                <pagecontrol>61</pagecontrol>
                                <onright>61</onright>
                                <bottom>grid_x08</bottom>
                            </control>

                            <include content="Dialog_Settings_InfoText">
                                <param name="id" value="6" />
                                <param name="visible" value="true" />
                            </include>
                        </control>

                        <include content="Dialog_Scrollbar">
                            <onright>9000</onright>
                            <onleft>5</onleft>
                        </include>
                    </control>
                </control>


            </include>
        </include>

        <include content="Furniture_Top_Left">
            <param name="id" value="2" />
            <param name="label" value="" />
        </include>
        <include>Furniture_Top_Right</include>


        <include content="Dialog_Settings_Button">
            <param name="id" value="7" />
            <param name="control" value="button" />
            <description>Default Setting Button</description>
        </include>

        <include content="Dialog_Settings_Button">
            <param name="id" value="8" />
            <param name="control" value="radiobutton" />
            <description>Default Setting Button</description>
            <textwidth>settings_radiobutton_text_w</textwidth>
        </include>

        <include content="Dialog_Settings_Button">
            <param name="id" value="9" />
            <param name="control" value="spincontrolex" />
            <description>Default Setting Button</description>
        </include>

        <include content="Dialog_Settings_Button">
            <param name="id" value="10" />
            <param name="control" value="togglebutton" />
            <include>Texture_Highlight_ToggleButton_Settings</include>
            <focusedcolor>$VAR[ColorSettingsToggleButtonText]</focusedcolor>
            <altfocusedcolor>$VAR[ColorSettingsToggleButtonText]</altfocusedcolor>
            <width>settings_category_w</width>
            <description>Default Category Button</description>
        </include>

        <control type="image" id="11">
            <visible>false</visible>
        </control>

        <include content="Dialog_Settings_Button">
            <param name="id" value="12" />
            <param name="control" value="edit" />
            <description>Default Setting Button</description>
        </include>

        <include content="Dialog_Settings_Button">
            <param name="id" value="13" />
            <param name="control" value="sliderex" />
            <description>Default Setting Button</description>
            <textwidth>settings_slider_text_w</textwidth>
        </include>

        <include content="Dialog_Settings_Label">
            <param name="id" value="14" />
            <param name="control" value="label" />
            <description>Default Setting Label</description>
        </include>

        <include content="Dialog_Settings_Button">
            <param name="id" value="15" />
            <param name="control" value="colorbutton" />
            <description>Default Setting Button</description>
        </include>
    </controls>
</window>
