<?xml version="1.0" encoding="UTF-8"?>
<window>
    <defaultcontrol>3</defaultcontrol>
    <controls>
        <include>Object_Overlay</include>
        <include content="Dialog_Background">
            <include>Animation_SlideIn_Dialog</include>
            <include>Dimension_Info</include>
            <control type="group">
                <left>400</left>
                <include>Dialog_Overlay</include>
                <include>Object_Separator</include>
            </control>
            <control type="group">
                <width>640</width>
                <right>0</right>
                <include>Dialog_Overlay</include>
                <include>Object_Separator</include>
            </control>
            <control type="group">
                <width>dialog_buttongroup_w</width>
                <right>0</right>
                <include>Dialog_Overlay</include>
                <include>Object_Separator</include>
            </control>
            <include content="Dialog_Group">
                <control type="grouplist" id="3">
                    <onright>5</onright>
                    <left>-grid_x04</left>
                    <width>400</width>
                </control>
                <control type="grouplist" id="5">
                    <onleft>3</onleft>
                    <pagecontrol>61</pagecontrol>
                    <onright>61</onright>
                    <width>240</width>
                    <right>360</right>
                </control>
                <include content="Dialog_Scrollbar">
                    <onright>9000</onright>
                    <onleft>5</onleft>
                    <centerright>360</centerright>
                </include>
                <control type="grouplist" id="9000">
                    <onleft>61</onleft>
                    <itemgap>20</itemgap>
                    <right>0</right>
                    <width>dialog_button_w</width>
                    <control type="button" id="17">
                        <label>$LOCALIZE[10043]</label>
                        <height>grid_x08</height>
                    </control>
                    <control type="button" id="18">
                        <label>$LOCALIZE[186]</label>
                        <height>grid_x08</height>
                    </control>
                    <control type="button" id="19">
                        <label>$LOCALIZE[13007]</label>
                        <height>grid_x08</height>
                    </control>
                    <control type="button" id="20">
                        <label>$LOCALIZE[21452]</label>
                        <height>grid_x08</height>
                    </control>
                    <control type="button" id="21">
                        <label>$LOCALIZE[35019]</label>
                        <height>grid_x08</height>
                    </control>
                    <control type="button" id="22">
                        <label>$LOCALIZE[35021]</label>
                        <height>grid_x08</height>
                    </control>
                </control>

                <control type="group">
                    <right>640</right>
                    <left>400</left>
                    <control type="gamecontroller" id="31">
                        <centerleft>50%</centerleft>
                        <width>480</width>
                        <height>480</height>
                    </control>
                    <control type="textbox" id="32">
                        <top>480</top>
                        <font>font_main_plot</font>
                        <aligny>center</aligny>
                        <align>center</align>
                    </control>
                </control>


            </include>
        </include>


        <!-- Headers -->
        <include content="Furniture_Top_Left">
            <param name="label" value="$LOCALIZE[35058]" />
        </include>
        <include>Furniture_Top_Right</include>


        <!-- Button Template -->
        <include content="Dialog_Settings_Button">
            <param name="id" value="7" />
            <param name="control" value="button" />
            <textoffsetx>20</textoffsetx>
            <align>center</align>
            <width>240</width>
        </include>

        <!-- Button Template -->
        <include content="Dialog_Settings_Button">
            <param name="id" value="10" />
            <param name="control" value="button" />
            <width>400</width>
        </include>

        <!-- Separator Template -->
        <control type="image" id="9">
            <visible>false</visible>
        </control>

        <!-- Label Template -->
        <include content="Dialog_Settings_Label">
            <param name="id" value="14" />
            <param name="control" value="label" />
        </include>

    </controls>
</window>
