<?xml version="1.0" encoding="UTF-8"?>
<window>
    <views>50</views>
    <defaultcontrol always="true">50</defaultcontrol>
    <menucontrol>9000</menucontrol>
    <include>Action_Blur_Onload</include>

    <controls>
        <include>Background_Main</include>
        <control type="group">
            <include>View_Visibility_Common</include>
            <include content="View_PVR_RecordingList">
                <param name="has_file_view" value="false" />
                <param name="path_label" value="$INFO[Container.NumItems,, [CAPITALIZE]$LOCALIZE[31153][/CAPITALIZE]]" />
            </include>
        </control>
        <include>View_Furniture_Top</include>
        <include content="Object_Options_Menu">
            <param name="grouplist_items" value="Items_MyEPGNav" />
            <param name="visible" value="!Window.IsVisible(DialogSelect.xml) + !Window.IsVisible(1113)" />
            <param name="use_mouse_focus">true</param>
        </include>
    </controls>

</window>
