<?xml version="1.0" encoding="UTF-8"?>
<window type="dialog">
    <defaultcontrol always="true">9000</defaultcontrol>
    <controls>

        <include content="Object_Options_Menu">
            <param name="grouplist_items" value="skinshortcuts-template-powermenu" />
            <param name="isbuttonmenu" value="true" />
            <param name="isfocused" value="true" />
            <param name="action_include" value="Action_OptionsMenu_ButtonMenu" />
        </include>

    </controls>
</window>