<?xml version="1.0" encoding="UTF-8"?>
<window>
    <defaultcontrol always="true">300</defaultcontrol>
    <controls>
        <include>Object_Overlay</include>

        <control type="group">
            <include>Dimension_DialogKeyboard</include>
            <include>Animation_SlideIn_Dialog</include>
            <include content="Dialog_Background" condition="$EXP[Exp_HasAutoCompletion]">
                <animation type="Conditional" condition="$EXP[Exp_HasAutoCompletion] + !Integer.IsEqual(Container(8000).NumItems,0)">
                    <effect type="slide" start="0" end="0,80" time="200" />
                    <effect type="fade" start="0" end="100" time="200" />
                </animation>
                <include content="Object_Control">
                    <param name="control">fixedlist</param>
                    <param name="id">8000</param>
                    <focusposition>2</focusposition>
                    <movement>2</movement>
                    <height>80</height>
                    <bottom>40</bottom>
                    <left>40</left>
                    <right>0</right>
                    <onup>8001</onup>
                    <ondown>312</ondown>
                    <orientation>horizontal</orientation>
                    <include>Animation_SlideIn_Dialog</include>
                    <itemlayout height="80" width="360">
                        <control type="group">
                            <left>0</left>
                            <right>40</right>
                            <control type="image">
                                <texture colordiffuse="dialog_fg_12" border="40">common/menu.png</texture>
                            </control>
                            <control type="label">
                                <textoffsetx>30</textoffsetx>
                                <aligny>center</aligny>
                                <align>center</align>
                                <textcolor>dialog_fg_70</textcolor>
                                <label>$INFO[ListItem.Label]</label>
                            </control>
                        </control>
                    </itemlayout>
                    <focusedlayout height="80" width="360" condition="!Control.Hasfocus(8000)">
                        <control type="group">
                            <left>0</left>
                            <right>40</right>
                            <control type="image">
                                <texture colordiffuse="dialog_fg_12" border="40">common/menu.png</texture>
                            </control>
                            <control type="label">
                                <textoffsetx>30</textoffsetx>
                                <aligny>center</aligny>
                                <align>center</align>
                                <textcolor>dialog_fg_70</textcolor>
                                <label>$INFO[ListItem.Label]</label>
                            </control>
                        </control>
                    </focusedlayout>
                    <focusedlayout height="80" width="360" condition="Control.Hasfocus(8000)">
                        <control type="group">
                            <left>0</left>
                            <right>40</right>
                            <control type="image">
                                <include>Texture_Menu_Highlight_H</include>
                            </control>
                            <control type="label">
                                <textoffsetx>30</textoffsetx>
                                <aligny>center</aligny>
                                <align>center</align>
                                <textcolor>$VAR[ColorSelected]</textcolor>
                                <label>$INFO[ListItem.Label]</label>
                            </control>
                        </control>
                    </focusedlayout>
                    <content>plugin://plugin.program.autocompletion?info=autocomplete&amp;&amp;id=$INFO[Control.GetLabel(312).index(1)]&amp;&amp;limit=9</content>
                </include>
            </include>
            <include content="Dialog_Background">
                <animation effect="slide" end="0,-80" time="200" condition="$EXP[Exp_HasAutoCompletion] + !Integer.IsEqual(Container(8000).NumItems,0)">Conditional</animation>
                <include content="Dialog_Header">
                    <param name="id" value="311" />
                    <visible>[String.IsEmpty(Control.GetLabel(313)) + String.IsEmpty(Control.GetLabel(314))] | !Control.IsVisible(314)</visible>
                </include>
                <control type="group">
                    <top>-120</top>
                    <height>120</height>
                    <include content="Object_Control" description="Text Entry (Chinese)">
                        <param name="id" value="313" />
                        <param name="control" value="label" />
                        <width>100%</width>
                        <align>center</align>
                        <height>40</height>
                        <font>font_head_black</font>
                        <textcolor>main_fg_100</textcolor>
                    </include>
                    <include content="Object_Control" description="Text Choices (Chinese)">
                        <param name="id" value="314" />
                        <param name="control" value="label" />
                        <width>100%</width>
                        <align>center</align>
                        <height>80</height>
                        <font>font_midi</font>
                        <textcolor>main_fg_100</textcolor>
                        <bottom>0</bottom>
                    </include>
                </control>
                <control type="group">
                    <top>grid_x16</top>
                    <include>Dialog_Overlay_V</include>
                    <include>Object_Separator_V</include>
                    <control type="group">
                        <left>keyboard_shift_w</left>
                        <control type="group">
                            <left>grid_x08</left>
                            <include content="Dialog_Overlay">
                                <param name="texture" value="common/dialog_overlay_c.png" />
                                <param name="flipx" value="true" />
                            </include>
                            <include content="Object_Separator">
                                <top>1</top>
                                <left>0</left>
                            </include>

                        </control>
                    </control>
                </control>
                <include content="Dialog_Group">
                    <control type="grouplist">
                        <orientation>vertical</orientation>
                        <itemgap>keyboard_pad</itemgap>

                        <control type="group" description="Text Entry">
                            <height>grid_x08</height>
                            <include content="Object_Keyboard_Button" description="Text Entry">
                                <param name="id" value="312" />
                                <param name="control" value="edit" />
                                <align>center</align>
                                <width>100%</width>
                                <onup>8000</onup>
                                <ondown>9002</ondown>
                                <font>font_midi</font>
                            </include>
                        </control>

                        <control type="group">
                            <height>grid_x04</height>
                        </control>

                        <control type="grouplist" description="Number Row" id="9002">
                            <orientation>horizontal</orientation>
                            <itemgap>keyboard_pad</itemgap>
                            <height>grid_x08</height>
                            <include content="Object_Keyboard_Button" description="Layout">
                                <param name="id" value="309" />
                                <width>keyboard_shift_w</width>
                                <onup>312</onup>
                                <ondown>302</ondown>
                            </include>
                            <control type="group" id="9902">
                                <width>grid_x04</width>
                            </control>
                            <include content="Object_Keyboard_Button" description="Digits">
                                <param name="id" value="100" />
                                <include>Texture_KeyboardButton</include>
                                <ondown>120</ondown>
                                <onup>312</onup>
                            </include>
                            <include content="Object_Keyboard_Button" description="Digits">
                                <param name="id" value="101" />
                                <include>Texture_KeyboardButton</include>
                                <ondown>121</ondown>
                                <onup>312</onup>
                            </include>
                            <include content="Object_Keyboard_Button" description="Digits">
                                <param name="id" value="102" />
                                <include>Texture_KeyboardButton</include>
                                <ondown>122</ondown>
                                <onup>312</onup>
                            </include>
                            <include content="Object_Keyboard_Button" description="Digits">
                                <param name="id" value="103" />
                                <include>Texture_KeyboardButton</include>
                                <ondown>123</ondown>
                                <onup>312</onup>
                            </include>
                            <include content="Object_Keyboard_Button" description="Digits">
                                <param name="id" value="104" />
                                <include>Texture_KeyboardButton</include>
                                <ondown>124</ondown>
                                <onup>312</onup>
                            </include>
                            <include content="Object_Keyboard_Button" description="Digits">
                                <param name="id" value="105" />
                                <include>Texture_KeyboardButton</include>
                                <ondown>125</ondown>
                                <onup>312</onup>
                            </include>
                            <include content="Object_Keyboard_Button" description="Digits">
                                <param name="id" value="106" />
                                <include>Texture_KeyboardButton</include>
                                <ondown>126</ondown>
                                <onup>312</onup>
                            </include>
                            <include content="Object_Keyboard_Button" description="Digits">
                                <param name="id" value="107" />
                                <include>Texture_KeyboardButton</include>
                                <ondown>127</ondown>
                                <onup>312</onup>
                            </include>
                            <include content="Object_Keyboard_Button" description="Digits">
                                <param name="id" value="108" />
                                <include>Texture_KeyboardButton</include>
                                <ondown>128</ondown>
                                <onup>312</onup>
                            </include>
                            <include content="Object_Keyboard_Button" description="Digits">
                                <param name="id" value="109" />
                                <include>Texture_KeyboardButton</include>
                                <ondown>129</ondown>
                                <onup>312</onup>
                            </include>
                            <include content="Object_Keyboard_Button" description="Digits">
                                <param name="id" value="110" />
                                <include>Texture_KeyboardButton</include>
                                <ondown>130</ondown>
                                <onup>312</onup>
                            </include>
                            <include content="Object_Keyboard_Button" description="Digits">
                                <param name="id" value="111" />
                                <include>Texture_KeyboardButton</include>
                                <ondown>131</ondown>
                                <onup>312</onup>
                            </include>
                        </control>

                        <control type="grouplist" description="Letter Top">
                            <orientation>horizontal</orientation>
                            <itemgap>keyboard_pad</itemgap>
                            <height>grid_x08</height>
                            <include content="Object_Keyboard_Button" description="Shift">
                                <param name="id" value="302" />
                                <param name="control" value="radiobutton" />
                                <label>20178</label>
                                <width>keyboard_shift_w</width>
                                <onup>309</onup>
                                <ondown>303</ondown>
                            </include>
                            <control type="group" id="9903">
                                <width>grid_x04</width>
                            </control>
                            <include content="Object_Keyboard_Button" description="Letters">
                                <param name="id" value="120" />
                                <include>Texture_KeyboardButton</include>
                                <onup>100</onup>
                                <ondown>140</ondown>
                            </include>
                            <include content="Object_Keyboard_Button" description="Letters">
                                <param name="id" value="121" />
                                <include>Texture_KeyboardButton</include>
                                <onup>101</onup>
                                <ondown>141</ondown>
                            </include>
                            <include content="Object_Keyboard_Button" description="Letters">
                                <param name="id" value="122" />
                                <include>Texture_KeyboardButton</include>
                                <onup>102</onup>
                                <ondown>142</ondown>
                            </include>
                            <include content="Object_Keyboard_Button" description="Letters">
                                <param name="id" value="123" />
                                <include>Texture_KeyboardButton</include>
                                <onup>103</onup>
                                <ondown>143</ondown>
                            </include>
                            <include content="Object_Keyboard_Button" description="Letters">
                                <param name="id" value="124" />
                                <include>Texture_KeyboardButton</include>
                                <onup>104</onup>
                                <ondown>144</ondown>
                            </include>
                            <include content="Object_Keyboard_Button" description="Letters">
                                <param name="id" value="125" />
                                <include>Texture_KeyboardButton</include>
                                <onup>105</onup>
                                <ondown>145</ondown>
                            </include>
                            <include content="Object_Keyboard_Button" description="Letters">
                                <param name="id" value="126" />
                                <include>Texture_KeyboardButton</include>
                                <onup>106</onup>
                                <ondown>146</ondown>
                            </include>
                            <include content="Object_Keyboard_Button" description="Letters">
                                <param name="id" value="127" />
                                <include>Texture_KeyboardButton</include>
                                <onup>107</onup>
                                <ondown>147</ondown>
                            </include>
                            <include content="Object_Keyboard_Button" description="Letters">
                                <param name="id" value="128" />
                                <include>Texture_KeyboardButton</include>
                                <onup>108</onup>
                                <ondown>148</ondown>
                            </include>
                            <include content="Object_Keyboard_Button" description="Letters">
                                <param name="id" value="129" />
                                <include>Texture_KeyboardButton</include>
                                <onup>109</onup>
                                <ondown>149</ondown>
                            </include>
                            <include content="Object_Keyboard_Button" description="Letters">
                                <param name="id" value="130" />
                                <include>Texture_KeyboardButton</include>
                                <onup>110</onup>
                                <ondown>150</ondown>
                            </include>
                            <include content="Object_Keyboard_Button" description="Letters">
                                <param name="id" value="131" />
                                <include>Texture_KeyboardButton</include>
                                <onup>111</onup>
                                <ondown>151</ondown>
                            </include>
                        </control>

                        <control type="grouplist" description="Letter Mid">
                            <orientation>horizontal</orientation>
                            <itemgap>keyboard_pad</itemgap>
                            <height>grid_x08</height>
                            <include content="Object_Keyboard_Button" description="CapsLock">
                                <param name="id" value="303" />
                                <param name="control" value="radiobutton" />
                                <label>20179</label>
                                <width>keyboard_shift_w</width>
                                <onup>302</onup>
                                <ondown>307</ondown>
                            </include>
                            <control type="group" id="9904">
                                <width>grid_x04</width>
                            </control>
                            <include content="Object_Keyboard_Button" description="Letters">
                                <param name="id" value="140" />
                                <include>Texture_KeyboardButton</include>
                                <onup>120</onup>
                                <ondown>160</ondown>
                            </include>
                            <include content="Object_Keyboard_Button" description="Letters">
                                <param name="id" value="141" />
                                <include>Texture_KeyboardButton</include>
                                <onup>121</onup>
                                <ondown>161</ondown>
                            </include>
                            <include content="Object_Keyboard_Button" description="Letters">
                                <param name="id" value="142" />
                                <include>Texture_KeyboardButton</include>
                                <onup>122</onup>
                                <ondown>162</ondown>
                            </include>
                            <include content="Object_Keyboard_Button" description="Letters">
                                <param name="id" value="143" />
                                <include>Texture_KeyboardButton</include>
                                <onup>123</onup>
                                <ondown>163</ondown>
                            </include>
                            <include content="Object_Keyboard_Button" description="Letters">
                                <param name="id" value="144" />
                                <include>Texture_KeyboardButton</include>
                                <onup>124</onup>
                                <ondown>164</ondown>
                            </include>
                            <include content="Object_Keyboard_Button" description="Letters">
                                <param name="id" value="145" />
                                <include>Texture_KeyboardButton</include>
                                <onup>125</onup>
                                <ondown>165</ondown>
                            </include>
                            <include content="Object_Keyboard_Button" description="Letters">
                                <param name="id" value="146" />
                                <include>Texture_KeyboardButton</include>
                                <onup>126</onup>
                                <ondown>166</ondown>
                            </include>
                            <include content="Object_Keyboard_Button" description="Letters">
                                <param name="id" value="147" />
                                <include>Texture_KeyboardButton</include>
                                <onup>127</onup>
                                <ondown>167</ondown>
                            </include>
                            <include content="Object_Keyboard_Button" description="Letters">
                                <param name="id" value="148" />
                                <include>Texture_KeyboardButton</include>
                                <onup>128</onup>
                                <ondown>168</ondown>
                            </include>
                            <include content="Object_Keyboard_Button" description="Letters">
                                <param name="id" value="149" />
                                <include>Texture_KeyboardButton</include>
                                <onup>129</onup>
                                <ondown>169</ondown>
                            </include>
                            <include content="Object_Keyboard_Button" description="Letters">
                                <param name="id" value="150" />
                                <include>Texture_KeyboardButton</include>
                                <onup>130</onup>
                                <ondown>170</ondown>
                            </include>
                            <include content="Object_Keyboard_Button" description="Letters">
                                <param name="id" value="151" />
                                <include>Texture_KeyboardButton</include>
                                <onup>131</onup>
                                <ondown>171</ondown>
                            </include>
                        </control>

                        <control type="grouplist" description="Letter Low">
                            <orientation>horizontal</orientation>
                            <itemgap>keyboard_pad</itemgap>
                            <height>grid_x08</height>
                            <include content="Object_Keyboard_Button" description="IP Address">
                                <param name="id" value="307" />
                                <label>IP</label>
                                <width>keyboard_symbols_w</width>
                                <onup>303</onup>
                                <ondown>300</ondown>
                            </include>
                            <include content="Object_Keyboard_Button" description="Symbols">
                                <param name="id" value="304" />
                                <label>@#!*</label>
                                <width>keyboard_symbols_w</width>
                                <onup>303</onup>
                                <ondown>301</ondown>
                            </include>
                            <control type="group" id="9905">
                                <width>grid_x04</width>
                            </control>
                            <include content="Object_Keyboard_Button" description="Letters">
                                <param name="id" value="160" />
                                <include>Texture_KeyboardButton</include>
                                <onup>140</onup>
                                <ondown>32</ondown>
                            </include>
                            <include content="Object_Keyboard_Button" description="Letters">
                                <param name="id" value="161" />
                                <include>Texture_KeyboardButton</include>
                                <onup>141</onup>
                                <ondown>32</ondown>
                            </include>
                            <include content="Object_Keyboard_Button" description="Letters">
                                <param name="id" value="162" />
                                <include>Texture_KeyboardButton</include>
                                <onup>142</onup>
                                <ondown>32</ondown>
                            </include>
                            <include content="Object_Keyboard_Button" description="Letters">
                                <param name="id" value="163" />
                                <include>Texture_KeyboardButton</include>
                                <onup>143</onup>
                                <ondown>32</ondown>
                            </include>
                            <include content="Object_Keyboard_Button" description="Letters">
                                <param name="id" value="164" />
                                <include>Texture_KeyboardButton</include>
                                <onup>144</onup>
                                <ondown>32</ondown>
                            </include>
                            <include content="Object_Keyboard_Button" description="Letters">
                                <param name="id" value="165" />
                                <include>Texture_KeyboardButton</include>
                                <onup>145</onup>
                                <ondown>32</ondown>
                            </include>
                            <include content="Object_Keyboard_Button" description="Letters">
                                <param name="id" value="166" />
                                <include>Texture_KeyboardButton</include>
                                <onup>146</onup>
                                <ondown>32</ondown>
                            </include>
                            <include content="Object_Keyboard_Button" description="Letters">
                                <param name="id" value="167" />
                                <include>Texture_KeyboardButton</include>
                                <onup>147</onup>
                                <ondown>8</ondown>
                            </include>
                            <include content="Object_Keyboard_Button" description="Letters">
                                <param name="id" value="168" />
                                <include>Texture_KeyboardButton</include>
                                <onup>148</onup>
                                <ondown>8</ondown>
                            </include>
                            <include content="Object_Keyboard_Button" description="Letters">
                                <param name="id" value="169" />
                                <include>Texture_KeyboardButton</include>
                                <onup>149</onup>
                                <ondown>8</ondown>
                            </include>
                            <include content="Object_Keyboard_Button" description="Letters">
                                <param name="id" value="170" />
                                <include>Texture_KeyboardButton</include>
                                <onup>150</onup>
                                <ondown>305</ondown>
                            </include>
                            <include content="Object_Keyboard_Button" description="Letters">
                                <param name="id" value="171" />
                                <include>Texture_KeyboardButton</include>
                                <onup>151</onup>
                                <ondown>306</ondown>
                            </include>
                        </control>

                        <control type="grouplist" description="Option Row" id="8001">
                            <orientation>horizontal</orientation>
                            <itemgap>keyboard_pad</itemgap>
                            <height>grid_x08</height>
                            <include content="Object_Keyboard_Button" description="Done">
                                <param name="id" value="300" />
                                <label>20177</label>
                                <width>keyboard_done_w</width>
                                <onup>307</onup>
                                <ondown>8000</ondown>
                            </include>
                            <include content="Object_Keyboard_Button" description="Cancel">
                                <param name="id" value="301" />
                                <include>Texture_KeyboardButton</include>
                                <font>font_main_iconic</font>
                                <label>&#xe08d;</label>
                                <onup>304</onup>
                                <ondown>8000</ondown>
                            </include>
                            <control type="group" id="9906">
                                <width>grid_x04</width>
                            </control>
                            <include content="Object_Keyboard_Button" description="Space">
                                <param name="id" value="32" />
                                <label>20182</label>
                                <width>keyboard_spacebar_w</width>
                                <onup>163</onup>
                                <ondown>8000</ondown>
                            </include>
                            <include content="Object_Keyboard_Button" description="Backspace">
                                <param name="id" value="8" />
                                <label>20181</label>
                                <width>keyboard_backspace_w</width>
                                <onup>168</onup>
                                <ondown>8000</ondown>
                            </include>
                            <include content="Object_Keyboard_Button" description="Left">
                                <param name="id" value="305" />
                                <include>Texture_KeyboardButton</include>
                                <font>font_main_iconic</font>
                                <label>&#xe006;</label>
                                <onup>170</onup>
                                <ondown>8000</ondown>
                            </include>
                            <include content="Object_Keyboard_Button" description="Right">
                                <param name="id" value="306" />
                                <include>Texture_KeyboardButton</include>
                                <font>font_main_iconic</font>
                                <label>&#xe005;</label>
                                <onup>171</onup>
                                <ondown>8000</ondown>
                            </include>
                        </control>
                    </control>
                </include>
            </include>
        </control>


    </controls>
</window>
