<?xml version="1.0" encoding="UTF-8"?>
<window type="dialog" id="1119">
    <defaultcontrol always="true">9000</defaultcontrol>
    <controls>
        <include content="Object_Options_Menu">
            <param name="grouplist_items" value="Items_MusicOSD_Settings" />
            <param name="isbuttonmenu" value="true" />
            <param name="isfocused" value="true" />
            <param name="action_include" value="Action_OptionsMenu_ButtonMenu" />
            <param name="has_background_overlay">false</param>
        </include>
    </controls>
</window>
