<?xml version="1.0" encoding="UTF-8"?>
<colors>

    <!-- Dialogs -->
    <color name="dialog_bg_100">FF37373b</color>
    <color name="dialog_bg_80">e737373b</color>
    <color name="dialog_bg_90">cd37373b</color>
    <color name="dialog_bg_70">B337373b</color>
    <color name="dialog_bg_60">9a37373b</color>
    <color name="dialog_bg_30">4D37373b</color>
    <color name="dialog_bg_12">1F37373b</color>

    <color name="dialog_fg_100">FFededed</color>
    <color name="dialog_fg_90">e7ededed</color>
    <color name="dialog_fg_80">cdededed</color>
    <color name="dialog_fg_70">B3ededed</color>
    <color name="dialog_fg_60">9aededed</color>
    <color name="dialog_fg_30">4Dededed</color>
    <color name="dialog_fg_12">1Fededed</color>
    <color name="dialog_panel">12ededed</color>

    <!-- Overlay -->
    <color name="overlay_hard">12ffffff</color>

    <!-- Shadow -->
    <color name="shadow_flat">1Fededed</color>
    <color name="shadow_line">12ededed</color>
    <color name="shadow_soft">33000000</color>
    <color name="shadow_hard">80000000</color>
</colors>
