<?xml version="1.0" encoding="UTF-8"?>
<window>
    <defaultcontrol always="true">50</defaultcontrol>
    <include>Action_Blur_Onload</include>
    <views>50</views>
    <controls>
        <include content="Background_Main">
            <param name="plain_background">true</param>
        </include>
        <include content="Dialog_Background">
            <include>Dimension_Info</include>
            <include>Animation_SlideIn_Dialog</include>
            <include>Dialog_Overlay_Buttons</include>

            <control type="group">
                <right>dialog_buttongroup_w</right>
                <control type="group">
                    <width>50%</width>
                    <control type="label">
                        <haspath>true</haspath>
                        <top>0</top>
                        <height>100</height>
                        <right>120</right>
                        <textoffsetx>40</textoffsetx>
                        <font>font_hint_black</font>
                        <label>$LOCALIZE[1024]$INFO[Container.FolderName,  •  ,]</label>
                    </control>
                    <control type="label" id="12">
                        <top>0</top>
                        <height>100</height>
                        <textoffsetx>40</textoffsetx>
                        <font>font_hint_black</font>
                        <align>right</align>
                    </control>
                    <include content="Object_Separator">
                        <param name="horizontal" value="true" />
                        <top>100</top>
                        <left>40</left>
                        <right>40</right>
                    </include>

                    <include content="List_AddonCategories">
                        <param name="id" value="50" />
                        <param name="detailed" value="true" />
                        <param name="width" value="" />
                        <top>120</top>
                        <bottom>40</bottom>
                        <onleft>60</onleft>
                        <onright>100</onright>
                        <pagecontrol>60</pagecontrol>
                    </include>
                    <include content="Dialog_Scrollbar">
                        <param name="id" value="60" />
                        <left>-5</left>
                        <onright>50</onright>
                        <top>grid_x12</top>
                        <bottom>grid_x04</bottom>
                    </include>
                </control>
                <control type="group">
                    <width>50%</width>
                    <right>0</right>
                    <control type="group">
                        <right>-dialog_buttongroup_w</right>
                        <include>Dialog_Overlay</include>
                        <include>Object_Separator</include>
                    </control>
                    <control type="label">
                        <haspath>true</haspath>
                        <top>0</top>
                        <height>100</height>
                        <textoffsetx>40</textoffsetx>
                        <right>120</right>
                        <font>font_hint_black</font>
                        <label>$LOCALIZE[559]</label>
                    </control>
                    <control type="label" id="101">
                        <top>0</top>
                        <height>100</height>
                        <textoffsetx>40</textoffsetx>
                        <font>font_hint_black</font>
                        <align>right</align>
                    </control>
                    <include content="Object_Separator">
                        <param name="horizontal" value="true" />
                        <top>100</top>
                        <left>40</left>
                        <right>40</right>
                    </include>
                    <include content="List_AddonCategories">
                        <param name="id" value="100" />
                        <param name="detailed" value="true" />
                        <param name="width" value="" />
                        <top>120</top>
                        <bottom>40</bottom>
                        <onleft>50</onleft>
                        <pagecontrol>61</pagecontrol>
                        <onright>61</onright>
                    </include>

                    <include content="Dialog_Scrollbar">
                        <param name="id" value="61" />
                        <right>-5</right>
                        <onleft>100</onleft>
                        <onright>9000</onright>
                        <top>grid_x12</top>
                        <bottom>grid_x04</bottom>
                    </include>
                </control>
            </control>

            <!-- Right Buttons -->
            <include content="Dialog_Group">
                <control type="group">
                    <right>0</right>
                    <width>dialog_button_w</width>
                    <control type="grouplist" id="9000">
                        <onleft>61</onleft>
                        <itemgap>20</itemgap>
                        <control type="button" id="6" description="Load">
                            <height>grid_x08</height>
                            <label>$LOCALIZE[502]</label>
                        </control>
                        <control type="button" id="7" description="Save">
                            <height>grid_x08</height>
                            <label>$LOCALIZE[190]</label>
                        </control>
                        <control type="button" id="8" description="Clear">
                            <height>grid_x08</height>
                            <label>$LOCALIZE[192]</label>
                        </control>
                    </control>
                </control>
            </include>
        </include>
        <include content="View_Furniture_Top">
            <param name="powermenu_button">true</param>
        </include>

    </controls>

</window>
