<?xml version="1.0" encoding="UTF-8"?>
<window>
    <views>50,51,52,53,54</views>
    <defaultcontrol always="true">50</defaultcontrol>
    <menucontrol>9000</menucontrol>
    <include>Action_Blur_Onload</include>

    <controls>
        <include>Defs_TMDbHelper_Loader</include>
        <include>Background_Main</include>
        <control type="group">
            <include>View_Visibility_Common</include>
            <include>Dimension_Info</include>
            <control type="group">
                <include>Animation_Foreground_SlideUp</include>
                <include>View_050_PVRChannels_Pane_LargeRow</include>
                <include>View_051_PVRChannels_Info_SmallRow</include>
                <include>View_052_PVRChannels_Info_LargeRow</include>
                <include>View_053_PVRChannels_Peek_SmallRow</include>
                <include>View_054_PVRChannels_Full_SmallRow</include>
            </control>
            <include>View_PVR_FullInfo</include>
        </control>
        <include>View_PVR_GroupSwitcher</include>
        <include>View_Furniture_Top</include>
        <include content="Object_Options_Menu">
            <param name="grouplist_items" value="Items_MyEPGNav" />
            <param name="visible" value="!Window.IsVisible(DialogSelect.xml) + !Window.IsVisible(1113)" />
            <param name="use_mouse_focus">true</param>
        </include>


    </controls>

</window>
