<?xml version="1.0" encoding="UTF-8"?>
<window>
    <defaultcontrol>50</defaultcontrol>
    <views>50</views>
    <controls>
        <include content="Background_Main">
            <param name="plain_background">true</param>
        </include>
        <include content="Dialog_Background">
            <include content="Animation_WindowTransition_Settings">
                <param name="windowopen_right">$EXP[Exp_SettingsDialogs_Prev]</param>
                <param name="windowclose_right">$EXP[Exp_SettingsDialogs_Next]</param>
                <param name="windowopen_delay">100</param>
            </include>
            <include>Dimension_Info</include>
            <include>Dialog_Overlay_Buttons</include>
            <!-- Left Content -->
            <include content="Dialog_Group">
                <control type="group">
                    <right>dialog_button_w</right>
                    <control type="group">
                        <right>grid_x04</right>
                        <include content="List_DialogSelect">
                            <param name="id" value="50" />
                            <param name="detailed" value="True" />
                            <param name="item_height" value="grid_x12" />
                            <left>-grid_x04</left>
                            <pagecontrol>61</pagecontrol>
                            <onright>61</onright>
                        </include>
                        <include content="Dialog_Scrollbar">
                            <onright>9000</onright>
                            <onleft>50</onleft>
                        </include>
                    </control>
                </control>
            </include>

            <!-- Right Buttons -->
            <include content="Dialog_Group">
                <control type="group">
                    <right>0</right>
                    <width>dialog_button_w</width>
                    <control type="grouplist" id="9000">
                        <onleft>61</onleft>
                        <itemgap>20</itemgap>
                        <control type="button" id="21" description="Level">
                            <height>grid_x08</height>
                        </control>
                        <control type="togglebutton" id="4" description="Direction">
                            <height>grid_x08</height>
                            <label>$LOCALIZE[31015]: $LOCALIZE[584]</label>
                            <altlabel>$LOCALIZE[31015]: $LOCALIZE[585]</altlabel>
                        </control>
                        <control type="radiobutton" id="22" description="Currentlevel">
                            <height>grid_x08</height>
                            <align>left</align>
                        </control>
                        <control type="button" id="20" description="Clear">
                            <height>grid_x08</height>
                            <label>192</label>
                        </control>


                    </control>
                </control>
            </include>
        </include>
        <include content="Furniture_Top_Left">
            <param name="label" value="[CAPITALIZE]$LOCALIZE[10050][/CAPITALIZE]" />
        </include>
        <include>Furniture_Top_Right</include>
    </controls>
</window>