<?xml version="1.0" encoding="UTF-8"?>
<includes>

    <expression name="Exp_EndWidget_IsFullSize">[String.IsEqual(Container(99994).ListItem(-1).Property(widgetAspect),Lovefilm) | String.IsEqual(Container(99994).ListItem(-1).Property(widgetAspect),Feature Banner)]</expression>
    <expression name="Exp_EndWidget_IsOverSize">[String.IsEqual(Container(99994).ListItem(-1).Property(widgetAspect),Feature Poster) | String.IsEqual(Container(99994).ListItem(-1).Property(widgetAspect),Feature Landscape)]</expression>
    <expression name="Exp_EndWidget_IsMiniSize">[String.IsEqual(Container(99994).ListItem(-1).Property(widgetAspect),Text) | String.IsEqual(Container(99994).ListItem(-1).Property(widgetAspect),Apps) | String.IsEqual(Container(99994).ListItem(-1).Property(widgetAspect),Button)]</expression>

    <expression name="Exp_InfoDialog_IsFolder">[String.IsEqual(ListItem.DBType,tvshow) | String.IsEqual(ListItem.DBType,season) | String.IsEqual(ListItem.DBType,set) | String.IsEqual(ListITem.DBType,artist)]</expression>

    <expression name="Exp_OSD_ExpandInfo">[Window.IsVisible(videobookmarks) | Window.IsVisible(pvrchannelguide) | Window.IsVisible(1140) | Window.IsVisible(1141) | Window.IsVisible(1142) | [Window.IsVisible(fullscreeninfo) + !VideoPlayer.Content(livetv)]]</expression>

    <expression name="Exp_OSD_HasPlaylist">[VideoPlayer.Content(episodes) | VideoPlayer.Content(livetv) | [VideoPlayer.Content(movies) + !Integer.IsEqual(VideoPlayer.PlaylistLength,1) + !Integer.IsEqual(VideoPlayer.PlaylistLength,0)]]</expression>

    <expression name="Exp_ShowBigPosterInfo">[Control.HasFocus(58) + System.IdleTime(3) + !Skin.HasSetting(Views.DisableBigPosterRowAutoInfo)]</expression>

    <expression name="Exp_OSD_PVRChannelSwitch">[[VideoPlayer.Content(livetv) + !Window.Isvisible(videoosd)] + [!String.IsEmpty(PVR.ChannelNumberInput) | Player.ShowInfo | Window.IsVisible(DialogFullScreenInfo.xml)]]</expression>

    <expression name="Exp_HomeBarVisible">[Control.HasFocus(300) | Control.HasFocus(399) | ControlGroup(303).HasFocus() | Control.HasFocus(302) | ControlGroup(9000).HasFocus() | [Integer.IsEqual(Window.Property(TMDBHelper.WidgetContainer),301) + [String.IsEqual(Container(300).ListItem.Property(widgetStyle),Fullscreen) | String.IsEmpty(Container(300).ListItem.Property(widgetStyle))]]]</expression>

    <expression name="Exp_HasTempoShift">[!String.IsEmpty(Player.PlaySpeed) + !String.IsEqual(Player.PlaySpeed,1.00) + !String.IsEqual(Player.PlaySpeed,0.00)]</expression>

    <expression name="Exp_HasPlayerStatus">Player.Caching | Player.Paused | Player.Rewinding | Player.Forwarding | Player.Seeking | [Player.DisplayAfterSeek + !String.IsEmpty(Player.SeekOffset)] | !String.IsEmpty(Player.SeekNumeric) | !String.IsEmpty(PVR.ChannelNumberInput) | $EXP[Exp_HasTempoShift]</expression>

    <expression name="Exp_HasAutoCompletion">[System.HasAddon(plugin.program.autocompletion) + System.AddonIsEnabled(plugin.program.autocompletion) + !Skin.HasSetting(Keyboard.DisableAutoCompletion)]</expression>

    <expression name="Exp_IsGenre">[String.IsEqual(ListItem.DBType,genre) | String.IsEqual(ListItem.Property(dbtype),genre) | Container.Content(genres)]</expression>
    <expression name="Exp_IsStudio">[String.IsEqual(ListItem.DBType,studio) | String.IsEqual(ListItem.Property(dbtype),studio) | Container.Content(studios)]</expression>
    <expression name="Exp_IsCountry">[String.IsEqual(ListItem.DBType,country) | String.IsEqual(ListItem.Property(dbtype),country) | Container.Content(countries)]</expression>

    <expression name="Exp_HasFurnitureNowPlaying">[[[Player.HasVideo + ![$EXP[Exp_InfoDialogs] + !String.IsEmpty(Window(Home).Property(HasTrailer))]] | Player.HasAudio] + ![VideoPlayer.IsFullscreen | Window.IsVisible(MusicVisualisation.xml)]]</expression>

    <expression name="Exp_TMDbHelper_IsUpdating">[!String.IsEmpty(Window(Home).Property(TMDBHelper.IsUpdating)) | !String.IsEmpty(Window(Home).Property(TMDBHelper.IsUpdatingRating))]</expression>

    <expression name="Exp_HasProfileImage">[Skin.HasSetting(Home.ShowProfileImage) + !String.IsEmpty(System.ProfileThumb) + [Window.IsVisible(Home) | $EXP[Exp_SettingsDialogs]] + !$EXP[Exp_InfoDialogs]]</expression>

    <expression name="Exp_HasBackgroundVideo">[Skin.HasSetting(UseBackgroundVideo) + Player.HasVideo + ![$EXP[Exp_InfoDialogs] + !String.IsEmpty(Window(Home).Property(HasTrailer))]]</expression>

    <expression name="Exp_HasPagesItems">[[Control.HasFocus(60) | Control.HasFocus(63) | Control.HasFocus(64) | Control.HasFocus(65)]]</expression>

    <expression name="Exp_HasBackgroundFanart">[[[$EXP[Exp_IsMediaWindow] | $EXP[Exp_HasBackgroundFanart_Widgets]] + !$EXP[Exp_InfoDialogs] + !String.IsEqual(Window.Property(Slide.WidgetInfoStyle),Lovefilm)] | $EXP[Exp_HasBackgroundFanart_InfoDialogs]]</expression>

    <expression name="Exp_HasBackgroundFanart_InfoDialogs">[$EXP[Exp_InfoDialogs] + !Skin.HasSetting(Info.EnableSimpleBackground)]</expression>

    <expression name="Exp_HasBackgroundFanart_Widgets">[$EXP[Exp_IsWidgetWindow] + [Skin.HasSetting(Widgets.DisableSimpleBackground) | [!Skin.HasSetting(Widgets.DisableExpandedBackground) + $EXP[Exp_IsExpandedWidget]]]]</expression>

    <expression name="Exp_IsExpandedWidget">[String.IsEqual(Window.Property(Slide.WidgetInfoStyle),Full) | [Integer.IsEqual(Window.Property(TMDBHelper.WidgetContainer),301) + !String.IsEmpty(Container(300).ListItem.Property(WidgetPath)) + !String.IsEmpty(Container(300).ListItem.Property(WidgetStyle)) + !String.IsEqual(Container(300).ListItem.Property(WidgetPath),Fullscreen)]]</expression>

    <expression name="Exp_IsWidgetWindow">[Window.IsActive(1114) | Window.IsActive(Home) | Window.IsVisible(1120) | Window.IsVisible(1121) | Window.IsVisible(1122)]</expression>

    <expression name="Exp_IsMediaWindow">[Window.IsMedia | Window.IsVisible(MyPVRGUide.xml) | Window.IsVisible(MyPVRChannels.xml)]</expression>

    <expression name="Exp_HasExtraFanart">[Skin.HasSetting(Background.ExtraFanart) + [!String.IsEmpty(ListItem.Art(fanart1)) | !String.IsEmpty(ListItem.Art(tvshow.fanart1))]]</expression>

    <expression name="Exp_HasArtLandscape">[!String.IsEmpty(ListItem.Art(landscape)) | !String.IsEmpty(ListItem.Art(tvshow.landscape)) | !String.IsEmpty(ListItem.Art(season.landscape))]</expression>

    <expression name="Exp_HasArtFanart">[!String.IsEmpty(ListItem.Art(fanart)) | !String.IsEmpty(ListItem.Art(tvshow.fanart)) | !String.IsEmpty(ListItem.Art(season.fanart))]</expression>

    <expression name="Exp_HasLandscapeFormatArt">[$EXP[Exp_HasArtFanart] | $EXP[Exp_HasArtLandscape] | !String.IsEmpty(ListItem.EPGEventIcon) | [!$EXP[Exp_IsPVRItem] + !String.IsEmpty(ListItem.Art(thumb))]]</expression>

    <expression name="Exp_HasWatchedProgress">[!Skin.HasSetting(Indicator.DisableProgress) + [[ListItem.IsResumable + !Integer.IsEqual(ListItem.PercentPlayed,0)] | [!String.IsEmpty(ListItem.Property(WatchedProgress)) + !Integer.IsEqual(ListItem.Property(WatchedProgress),0)] | [!Integer.IsEqual(ListItem.Progress,0)]]]</expression>

    <expression name="Exp_IsPVRItem">[!String.IsEmpty(ListItem.ChannelNumberLabel) | String.IsEqual(ListItem.Path,pvr://channels/tv/)]</expression>

    <expression name="Exp_IsPersonInfo">[String.IsEqual(ListItem.Property(item.type),person) | String.IsEqual(ListItem.Property(tmdb_type),person)]</expression>

    <expression name="Exp_AlphabetTypes_Only">[String.IsEqual(Container.SortMethod,$LOCALIZE[551]) | String.IsEqual(Container.SortMethod,$LOCALIZE[556]) | String.IsEqual(Container.SortMethod,$LOCALIZE[561]) | String.IsEqual(Container.SortMethod,$LOCALIZE[557]) | String.IsEqual(Container.SortMethod,$LOCALIZE[558])]</expression>

    <expression name="Exp_AlphabetVisible">[[Control.HasFocus(60) | Control.HasFocus(65)] + $EXP[Exp_AlphabetTypes_Only] + !Skin.HasSetting(DisableAlphabetScrollbar)]</expression>

    <expression name="Exp_ContextMenu_HasPoster">[!String.IsEmpty(Container(99950).ListItem.Art(poster)) | !String.IsEmpty(Container(99950).ListItem.Property(base_poster))]</expression>

    <expression name="Exp_ContextMenu_HasIcon">[!$EXP[Exp_ContextMenu_HasPoster] + !String.IsEmpty(Container(99950).ListItem.Property(base_icon))]</expression>

    <expression name="Exp_ContextMenu_HasQuickNav">[[$EXP[Exp_ContextMenu_HasPoster] | $EXP[Exp_ContextMenu_HasIcon]] + [!String.IsEmpty(Container(99950).ListITem.Property(base_dbtype)) | !String.IsEmpty(Container(99950).ListITem.DBType)]] + !Window.IsVisible(fullscreenvideo) + !Window.IsVisible(musicvisualisation) + !Window.IsVisible(favourites)</expression>

    <expression name="Exp_FullscreenWidgetStandard">[!String.IsEmpty(Container(300).ListItem.Property(widgetPath)) + [String.IsEqual(Container(300).ListItem.Property(widgetStyle),Fullscreen) | String.IsEmpty(Container(300).ListItem.Property(widgetStyle))]]</expression>

    <expression name="Exp_PVRWindows">[Window.IsVisible(MyPVRGuide.xml) | Window.IsVisible(MyPVRChannels.xml) | Window.IsVisible(MyPVRTimers.xml) | Window.IsVisible(MyPVRRecordings.xml) | Window.IsVisible(MyPVRSearch.xml)]</expression>

    <expression name="Exp_InfoDialogs">[Window.IsVisible(DialogVideoInfo.xml) | Window.IsVisible(DialogMusicInfo.xml) | Window.IsVisible(DialogAddonInfo.xml) | Window.IsVisible(DialogPVRInfo.xml) | Window.IsVisible(script-tmdbhelper-wikipedia.xml)]
    </expression>
    <expression name="Exp_InfoDialogs_Active">[Window.IsActive(DialogVideoInfo.xml) | Window.IsActive(DialogMusicInfo.xml) | Window.IsActive(DialogAddonInfo.xml) | Window.IsActive(DialogPVRInfo.xml) | Window.IsActive(script-tmdbhelper-wikipedia.xml)]
    </expression>

    <expression name="Exp_OverlayDialogs">[Window.IsVisible(FileBrowser.xml) | Window.IsVisible(DialogSelect.xml) | Window.IsVisible(DialogAddonSettings.xml) | Window.IsVisible(DialogKeyboard.xml) | Window.Isvisible(1113) | Window.IsVisible(1111) | Window.IsVisible(DialogContextMenu.xml) | Window.IsVisible(DialogConfirm.xml)]
    </expression>

    <expression name="Exp_RecommendationDialogs">[Window.IsVisible(script-tmdbhelper-recommendations.xml)]</expression>

    <expression name="Exp_SearchWindow">[Window.IsVisible(1114)]</expression>

    <expression name="Exp_WidgetWindow">[Window.IsVisible(Home) | $EXP[Exp_SearchWindow] | $EXP[Exp_RecommendationDialogs]]</expression>

    <expression name="Exp_SettingsDialogs">[Window.IsVisible(SettingsCategory.xml) | Window.IsVisible(SkinSettings.xml) | Window.IsVisible(SettingsProfile.xml) | Window.IsVisible(SettingsSystemInfo.xml) | Window.IsVisible(EventLog.xml)]</expression>
    <expression name="Exp_SettingsDialogs_Next">[Window.Next(SettingsCategory.xml) | Window.Next(SkinSettings.xml) | Window.Next(SettingsProfile.xml) | Window.Next(SettingsSystemInfo.xml) | Window.Next(EventLog.xml) | Window.Next(1197)]</expression>
    <expression name="Exp_SettingsDialogs_Prev">[Window.Previous(SettingsCategory.xml) | Window.Previous(SkinSettings.xml) | Window.Previous(SettingsProfile.xml) | Window.Previous(SettingsSystemInfo.xml) | Window.Previous(EventLog.xml) | Window.Previous(1197)]</expression>

    <expression name="Exp_RowViews">[Control.IsVisible(50) | Control.IsVisible(51) | Control.IsVisible(52) | Control.IsVisible(56) | Control.IsVisible(57)]</expression>

    <expression name="Exp_ScrollViews">[Control.IsVisible(504) | Control.IsVisible(514) | Control.IsVisible(524)]</expression>

    <expression name="Exp_CombinedViews">[Control.IsVisible(502) | Control.IsVisible(512) | Control.IsVisible(522) | Control.IsVisible(572)]</expression>

    <expression name="Exp_WallViews">[Control.IsVisible(500) | Control.IsVisible(510) | Control.IsVisible(520) | Control.IsVisible(540) | Control.IsVisible(570) | Control.IsVisible(580) | Control.IsVisible(550) | Control.IsVisible(560) | Control.IsVisible(54)]</expression>

    <expression name="Exp_ListViews">[Control.IsVisible(501) | Control.IsVisible(511) | Control.IsVisible(521) | Control.IsVisible(507) | Control.IsVisible(517) | Control.IsVisible(527) | Control.IsVisible(551)]</expression>

    <expression name="Exp_BigListViews">[Control.IsVisible(508) | Control.IsVisible(557) | Control.IsVisible(558) | Control.IsVisible(581)]</expression>

    <!-- <expression name="Exp_View_Special">[True]</expression> -->
    <expression name="Exp_View_Special">!String.IsEqual(Container.Property(param.info),user_discover)</expression>

</includes>
