<?xml version="1.0" encoding="UTF-8"?>
<window>
    <include>View_MediaWindows_ID</include>
    <defaultcontrol always="true">50</defaultcontrol>
    <menucontrol>9000</menucontrol>
    <include>Action_Blur_Onload</include>
    <onload>RunScript(script.skinvariables,action=buildviews)</onload>
    <controls>

        <include>Defs_TMDbHelper_Loader</include>
        <include>View_Main</include>

        <include content="Object_Options_Menu">
            <param name="grouplist_items" value="Items_MyVideoNav" />
            <param name="visible" value="!Window.IsVisible(DialogSelect.xml) + !Window.IsVisible(1113)" />
            <param name="use_mouse_focus">true</param>
        </include>

    </controls>

</window>
